select try_cast('' as date);

+----------+
| Utf8("") |
+----------+
|          |
+----------+

select try_cast('    ' as date);

+--------------+
| Utf8("    ") |
+--------------+
|              |
+--------------+

select try_cast('1111' as date);

+--------------+
| Utf8("1111") |
+--------------+
|              |
+--------------+

select try_cast('1111-' as date);

+---------------+
| Utf8("1111-") |
+---------------+
|               |
+---------------+

select try_cast('1111-11' as date);

+-----------------+
| Utf8("1111-11") |
+-----------------+
|                 |
+-----------------+

select try_cast('1111-111-1' as date);

+--------------------+
| Utf8("1111-111-1") |
+--------------------+
|                    |
+--------------------+

select try_cast('1111-11-11' as date);

+--------------------+
| Utf8("1111-11-11") |
+--------------------+
| 1111-11-11         |
+--------------------+

select try_cast('1111-11-11 (bc)' as date);

+-------------------------+
| Utf8("1111-11-11 (bc)") |
+-------------------------+
|                         |
+-------------------------+

select try_cast('2001-02-29' as date);

+--------------------+
| Utf8("2001-02-29") |
+--------------------+
|                    |
+--------------------+

select try_cast('2004-02-29' as date);

+--------------------+
| Utf8("2004-02-29") |
+--------------------+
| 2004-02-29         |
+--------------------+

select try_cast('2004/02/29' as date);

+--------------------+
| Utf8("2004/02/29") |
+--------------------+
|                    |
+--------------------+

select try_cast('2004/02-29' as date);

+--------------------+
| Utf8("2004/02-29") |
+--------------------+
|                    |
+--------------------+

select try_cast('-infinity' as date);

+-------------------+
| Utf8("-infinity") |
+-------------------+
|                   |
+-------------------+

select try_cast('5881580-07-10' as date);

+-----------------------+
| Utf8("5881580-07-10") |
+-----------------------+
|                       |
+-----------------------+

select try_cast('5881580-07-11' as date);

+-----------------------+
| Utf8("5881580-07-11") |
+-----------------------+
|                       |
+-----------------------+

select try_cast('infinity' as date);

+------------------+
| Utf8("infinity") |
+------------------+
|                  |
+------------------+

select try_cast('5881580-08-11' as date);

+-----------------------+
| Utf8("5881580-08-11") |
+-----------------------+
|                       |
+-----------------------+

select try_cast('99999999-01-01' as date);

+------------------------+
| Utf8("99999999-01-01") |
+------------------------+
|                        |
+------------------------+

select try_cast('294246-12-31'::date as timestamp);

Error: 3001(EngineExecuteQuery), Cast error: Cannot cast string '294246-12-31' to value of Date32 type

select try_cast('294247-12-31'::date as timestamp);

Error: 3001(EngineExecuteQuery), Cast error: Cannot cast string '294247-12-31' to value of Date32 type

